Especie,Frecuencia
Acer negundo,1
Actividad antimicrobiana,1
Actualización nomenclatural,1
Actualización taxonómica,1
Adecuación relativa,1
Adiantum andicola,1
Adopción del,1
Agastache mexicana,1
Agave aurea,1
Agave kerchovei,1
Agave marmorata,1
Agave potatorum,1
Agave tequilana,1
Agrobiodiversidad vegetal,1
Aguilar arvenses,1
Aiton para,1
Alejandro ancestrales,1
Alejandro estructural,1
Alejandro filogenética,1
Algunos aspectos,1
Alicia bosque,1
Allium kunthii,1
Allium subgénero,1
Almaraz cardiovascular,1
Alsidium triquetrum,1
Altura sin,1
Alva humedales,1
Alvarado- ylvatica,1
Ambientes por,1
América del,1
Américaa central,1
Anatomía comparativa,1
Anatomía vegetal,1
Andrews bajo,1
Andrés componente,1
Annona purpurea,1
Antonio múltiples,1
Antonio pluricultural,1
Antonio rehabilitación,1
Análisis anatómico,1
Análisis biocultural,1
Análisis biogeográfico,1
Análisis estructural,1
Análisis filogenético,1
Análisis molecular,1
Análisis morfo-anatómico,1
Análisis químico,1
Aphyllon dugesii,1
Aportación taxonómica,1
Aprendizajes botánicos,1
Aproximación desde,1
Arabidopsis thaliana,1
Araceli climático,1
Ardisia compressa,1
Argyrochosma formosa,1
Ariocarpus fissuratus,1
Arqueo- ecológico,1
Artemisia absinthium,1
Arturo estado,1
Arturo una,1
Asociaciones palinológicas,1
Asparagacae con,1
Aspectos generales,1
Asplenium monanthes,1
Asteraceae del,1
Asteraceae family,1
Asuntos generales,1
Atrayentes florales,1
Aura del,1
Avicennia germinans,1
Ayala endémicas,1
Azucena abeja,1
Balbina estructural,1
Barranca del,1
Beatriz del,1
Beaucarnea inermis,1
Beiselia mexicana,1
Bienvenida por,1
Biogeografía histórica,1
Bioseguridad comunitaria,1
Bioseguridad con,1
Biotecnología marmorata,1
Biotecnología vegetal,1
Blechnum occidentale,1
Bletia parkinsonii,1
Bosque mesófilo,1
Botánicos continuidad,1
Bromeliaceae como,1
Bromeliaceae documental,1
Bromeliáceas del,1
Buddleja cordata,1
Bursera linanoe,1
Bursera simaruba,1
Cadereyta construye,1
Calochortus have,1
Calophyllum brasiliense,1
Cambios estructurales,1
Cambios fisiológicos,1
Cambios históricos,1
Cambios morfo-anatómicos,1
Cambios morfológicos,1
Cambios morfométricos,1
Camino viejo,1
Candelario barbecho,1
Cantharellus veraecrucis,1
Cantor del,1
Caracteres estructurales,1
Caracteres funcionales,1
Caracterización melisopalinológica,1
Caracterización química,1
Características histológicas,1
Carolina tardígrados,1
Caso del,1
Castro del,1
Cañón del,1
Centroamérica bajo,1
Cephalocereus macrocephalus,1
Ceratozamia alvarezii,1
Ceratozamia mexicana,1
Ceratozamia zaragozae,1
Chenopodium berlandieri,1
Chihuahuense con,1
Christa península,1
Chávez abierto,1
Cid barbadensis,1
Cirsium ehrenbergii,1
Cissus verticillata,1
Clasificación tradicional,1
Claudia del,1
Cleyera theoides,1
Climático del,1
Clonality and,1
Cnidosculos tepiquensis,1
Coccoloba acapulcensis,1
Coffe break,1
Coffea arabica,1
Colecciones botánicas,1
Colunga clasificación,1
Como obtener,1
Comparación anatómico-foliar,1
Comparación del,1
Comparando los,1
Composición arbórea,1
Compuestos volátiles,1
Concluimos destacando,1
Conductividad hidráulica,1
Conectividad estructural,1
Conectividad funcional,1
Conflictividad socioambiental,1
Conmemoración del,1
Conocimiento actual,1
Conocimiento etnobotánico,1
Conocimiento taxonómico,1
Conocimiento tradicional,1
Conocimientos ocultos,1
Consecuencias ecológicas,1
Consejo directivo,1
Consideraciones estructurales,1
Consumo prehispánico,1
Contaminantes presentes,1
Contrastando patrones,1
Cornejo- para,1
Corroboración experimental,1
Corypha umbraculifera,1
Coryphantha erecta,1
Coyolxauhqui reproductiva,1
Crasssulaceae del,1
Crassulaceae para,1
Crateva tapia,1
Creación digital,1
Cretácico superior,1
Cretácico tardío,1
Cuando todos,1
Cuenca del,1
Cuetzalan del,1
Cuevas subdioicismo-dioicismo,1
Culiacán como,1
Cultivo experimental,1
César explantes,1
Cómo estudiar,1
Cómo una,1
Cómo varía,1
Dactylopius opuntiae,1
Dalbergia mexicanas,1
Daniel bosque,1
Daniel forestales,1
Daniel resistencia,1
Daniela del,1
Daniela sola,1
Dasylirion acrotrichum,1
Dasylirion longissimun,1
Datos comparativos,1
Daños estructurales,1
Daños presentes,1
Definiendo los,1
Deisy introducidas,1
Del microscopio,1
Delimitación taxonómica,1
Demetrio calabaza,1
Dendrophthora costaricensis,1
Derecho ambiental,1
Desarrollo floral,1
Desarrollo morfogénico,1
Descripciones palinológicas,1
Descripción del,1
Descripción microscópica,1
Descripción morfológica,1
Descripción morfométrica,1
Desde una,1
Deterioro del,1
Determinación del,1
Diana espacios,1
Diaphorina citri,1
Dinámica foliar,1
Dinámica temporal,1
Dioon edule,1
Dioon mejiae,1
Disocactus speciosus,1
Distribución ecorregional,1
Distribución geográfica,1
Divergencia genética,1
Diverisidad ficológica,1
Diversidad anatómica,1
Diversidad fúngica,1
Diversidad genética,1
Diversidad morfo-anatómica,1
Diversidad morfológica,1
Diversidad polínica,1
Diversidad taxonómica,1
Diversidad vegetal,1
Dos quimiotipos,1
Dos siglos,1
Día del,1
Ebandro potencial,1
Echinocactus grusonii,1
Ecoanatomía foliar,1
Ecológica del,1
Ecológica socioecológicos,1
Eduardo región,1
Educación ambiental,1
Efectividad del,1
Efecto ansiolítico,1
Efectos del,1
Eficiencia hídrica,1
Elias- gimnospermas,1
Emily estableciendo,1
Encrucijada como,1
Enrique pérdida,1
Entre luz,1
Eric neotropical,1
Ernesto malezas,1
Esclareciendo paralelismos,1
Escobar quimioinformático,1
Especiación potencial,1
Especie nativa,1
Especies clave,1
Especies introducidas,1
Especies invasoras,1
Espectro polínico,1
Esperamos que,1
Esquivel conservación,1
Esta conferencia,1
Estado del,1
Estados completo,1
Estados siglas,1
Estatus del,1
Este evento,1
Estimada comunidad,1
Estrada estados,1
Estrada miocénico,1
Estrategia para,1
Estrategias morfofuncionales,1
Estratificación vertical,1
Estructuras reproductoras,1
Estructuras vegetales,1
Estudio biosistemático,1
Estudio comparativo,1
Estudio del,1
Estudio piloto,1
Estudios etnobotánicos,1
Etelvina quitensis,1
Etnobiológicas del,1
Eugenia inconspicua,1
Euphorbiaceae mexicanas,1
Evaluación funcional,1
Evidencia molecular,1
Expresión del,1
Fabaceae cenozoicas,1
Fabaceae como,1
Factores involucrados,1
Factores sociodemográficos,1
Fagus mexicana,1
Fases tempranas,1
Fenología foliar,1
Ferocactus latispinus,1
Ferocactus uncinatus,1
Ficología biotecnológica,1
Figueroa- uno,1
Filogenia molecular,1
Filogenética multilocus,1
Filogeografía comparada,1
Filogeografía microsepala,1
Fisiología vegetal,1
Fitoplancton sistema,1
Flora acuática,1
Flora ayuuk,1
Flora herbácea,1
Flora marginal,1
Flora médica,1
Flores actores,1
Flores comestibles,1
Florilegio mexicano,1
Floristic diversification,1
Fraxinus udhei,1
Furcraea macdougalii,1
Gabriel desde,1
Gabriela clado,1
Gante conservación,1
Genes involucrados,1
Genética florística,1
Genética micronúcleos,1
Gerardo gía,1
Glechenella pectinata,1
Gobierno del,1
Gonzalo polinizadores,1
González universitario,1
Grados más,1
Guadalupe del,1
Guiaiacum unijugum,1
Guillen sitio,1
Guía básica,1
Hacia una,1
Hedeoma piperita,1
Heliantheae tribe,1
Hernández- atrapada,1
Historia ecológica,1
Historias fitonorteñas,1
Holoceno hasta,1
Homalocephala parryi,1
Hongos endófitos,1
Horticultura para,1
Huerta amenazas,1
Hymenocallis harrisiana,1
Héctor largo,1
Identificación histoquímica,1
Iluminación recíproca,1
Ilustración científica,1
Impacto del,1
Impactos del,1
Implicaciones para,1
Importancia biocultural,1
Importancia del,1
Incongruencia filogenética,1
Indicadores ecológicos,1
Indicadores florísticos,1
Influencia del,1
Informe general,1
Ingenio para,1
Insecticidas para,1
Integral del,1
Interacciones biológicas,1
Interacciones entre,1
Interacciones microorganismo,1
Interacciones planta-polinizador,1
Interacción polen-pistilo,1
Interpretación ambiental,1
Interpretación paleoetnobotánica,1
Inventario biológico,1
Inventario florístico,1
Inventario preliminar,1
Inventarios florísticos,1
Isaías hipótesis,1
Iván habilidades,1
Jacaratia mexicana,1
Jacinto hojas,1
Jaime mayas,1
Jaime restauración,1
Jairo distribución,1
Jardines botánicos,1
Jarilla caudata,1
Javier del,1
Jerónimo función,1
Jorge taxonómicas,1
José biocultural,1
José canales,1
Juan mexicano,1
Juniperus californica,1
Kalanchoe delagoensis,1
Karwinskia johnstonii,1
Karwinskia umbellata,1
Keyla municipio,1
Kunth bajo,1
Ladera del,1
Laelia albida,1
Laelia gouldiana,1
Laelia speciosa,1
Lagrezia monosperma,1
Lamiaceae del,1
Lamiaceae mexicanas,1
Las angiospermas,1
Las bromelias,1
Las evaluaciones,1
Las flores,1
Las formas,1
Las gramíneas,1
Las interacciones,1
Las leguminosas,1
Las monocotiledóneas,1
Las mujeres,1
Las redes,1
Las rubiáceas,1
Laura semillas,1
Laurel mexicano,1
Lavandula intermedia,1
Leal géneros,1
Lemainocereus hollianus,1
Leonardo cuatro,1
Leptonycteris yerbabuenae,1
León con,1
Linajes evolutivos,1
Liquidambar styraciflua,1
Lista florística,1
Listado actualizado,1
Listado etnobotánico,1
Litsea guatemalensis,1
Lobularia maritima,1
Los agaves,1
Los cardos,1
Los instrumentos,1
Los sujetos,1
Lupinus montanus,1
Lycianthes serie,1
Lysiloma latisiliquum,1
Límites morfo-anatómicos,1
López listado,1
López- orquídea,1
Macrolíquenes presentes,1
Macromicetos asociados,1
Magnolia pacifica,1
Magnólidas mexicanas,1
Mahinda diversificación,1
Maite gradiente,1
Malpighia mexicana,1
Mammillaria albiflora,1
Mammillaria elongata,1
Mammillaria guelzowiana,1
Mammillaria herrerae,1
Mammillaria magnimamma,1
Mammillaria parkinsonii,1
Mammillaria serie,1
Mammilloydia candida,1
Manuel estudio,1
Marathrum rubrum,1
Maria del,1
Marina regulación,1
Martín estructural,1
María aquilinum,1
María bosque,1
María etnobotánico,1
María maya,1
Medición del,1
Melipona beecheii,1
Metabolitos secundarios,1
Metztitlán con,1
Mexia una,1
Mexican shrub,1
Mexicanos entre,1
Microscopía botánica,1
Mill cultivada,1
Mimophytum cardiophyllum,1
Mioceno del,1
Mioceno temprano,1
Mirabilis jalapa,1
Monocotiledóneas endémicas,1
Monroy- expansión,1
Montenegro potencial,1
Morales selva,1
Morales vegetal,1
Morelos derivados,1
Morfoanatomía floral,1
Morfología del,1
Morfología floral,1
Morfológico del,1
Morfonoanatomía floral,1
Morfotipos ectomicorrícicos,1
Musgos cosechados,1
Myriopteris aurea,1
Myrospermun sousanum,1
Myrtillocactus geometrizans,1
Más allá,1
Más que,1
Méndez plantas,1
Nacidos para,1
Nacional lago,1
Natalia del,1
Nemastylis tenuis,1
Nora tropical,1
Novedades florísticas,1
Novedades taxonómicas,1
Nuestros herbario,1
Nueva especie,1
Nuevas especies,1
Nymphaea gracilis,1
Nymphaea odorata,1
Odett endófitos,1
Odonatos como,1
Opuntia ficus-indica,1
Oreomunnea mexicana,1
Organizador del,1
Origen cultural,1
Orinoquía colombiana,1
Orquídeas epífitas,1
Orquídeas terrestres,1
Ortega datos,1
Orthrosanthus chimboracensis,1
Ortiz poco,1
Ortiz- género,1
Pablo carrillo,1
Pachycereus pecten-aboriginum,1
Pacífico central,1
Palacios respuesta,1
Palynofloristic provincialism,1
Parientes silvestres,1
Participación transdisciplinaria,1
Passiflora conzattiana,1
Patrones evolutivos,1
Patrones fenológicos,1
Patrón fenológico,1
Paulina del,1
Perfil palinológico,1
Perspectiva jurídico-ambiental,1
Phyllonoma laticuspis,1
Pilea chajul,1
Pilea terrazasii,1
Pinus hartwegii,1
Pinus subsección,1
Pinzón miel,1
Pitcairnia karwinskyana,1
Piñeyro nativas,1
Plantación forestal,1
Plantas aromáticas,1
Plantas con,1
Plantas herbáceas,1
Plantas holoparásitas,1
Plantas parásitas,1
Plantas que,1
Plasticidad fenotípica,1
Platydorina caudata,1
Pleopeltis macrocarpa,1
Plumeria rubra,1
Plántulas del,1
Podocarpus reichei,1
Polen fósil,1
Polianthes geminiflora,1
Polypodium puberulum,1
Porophyllum linaria,1
Portulaca oleracea,1
Potencial antiinflamatorio,1
Pouteria campechiana,1
Preferencias polínicas,1
Primer registro,1
Problemas con,1
Propagación sexual,1
Propagación vegetativa,1
Propagando plantas,1
Propuesta participativa,1
Province and,1
Pseudosmodingium barkleyi,1
Pteridofitas del,1
Puebla con,1
Pérez exhibición,1
Quercus castanea,1
Quercus crassipes,1
Quercus cualensis,1
Quercus frutex,1
Quercus laeta,1
Quercus tuitensis,1
Qué promueve,1
Qué sabemos,1
Qué tan,1
Qué tanto,1
Ramón silvestres,1
Rasgos anatómicos,1
Re-Censo poblacional,1
Recursos didácticos,1
Recursos fitogenéticos,1
Reevaluación del,1
Regional del,1
Registros palinológicos,1
Relaciones evolutivas,1
Relaciones filogenéticas,1
Relación anatómico-fisiológica,1
Relación vegetación-topografía,1
Resistiendo ante,1
Respuesta climática,1
Resultado del,1
Reuniones satélites,1
Reunión editores,1
Revisión sistemática,1
Revisión taxonómica,1
Ribera del,1
Ricinus communis,1
Rico ante,1
Riqueza estatal,1
Rivera móvil,1
Roberto mexicana,1
Rocío asociadas,1
Rocío del,1
Rodríguez caducifolio,1
Rodríguez niebla,1
Rodríguez vasculares,1
Romero medicinales,1
Rutas potenciales,1
Salvia apiana,1
Salvia hispanica,1
Salvia polinizadas,1
Salvia subg,1
Salvia vazquezii,1
Salvias mexicanas,1
Sanaphre tropicales,1
Sanchez del,1
Santana estructural,1
Santiago estructurales,1
Sarg preparados,1
Scaevola taccada,1
Scaptotrigona mexicana,1
Sebastián del,1
Selva mediana,1
Selvas del,1
Sesgo cognitivo,1
Sierra del,1
Silvia del,1
Silvia endoparásito,1
Silvia urbano,1
Sinaloa vista,1
Sistema informático,1
Sistemática del,1
Sitio web,1
Sofia del,1
Solanum polinizadas,1
Solanum rostratum,1
Sonora enfrenta,1
Sonorense asociados,1
Spatial and,1
Sphaeralcea angustifolia,1
Spondias mombin,1
Spondias purpurea,1
Stenocereus queretaroensis,1
Stenocereus ubicadas,1
Suculentas mutantes,1
Superficie epidérmica,1
Svetlana evolutiva,1
Sánchez herbario,1
Sánchez- erófilo,1
Tabasco del,1
Tagetes erecta,1
Tagetes filifolia,1
Talayotea trachyantha,1
Tales interacciones,1
Taller introductorio,1
Taller para,1
Tectaria heracleifolia,1
Tendencias del,1
Tendremos cinco,1
Teotihuacán con,1
Tesoros escondidos,1
Tetramerium nervosum,1
Tetramerium tenuissimum,1
Thalassia testudinum,1
The flowers,1
Tilia americana,1
Tillandsia capitata,1
Tillandsia limbata,1
Tillandsia recurvata,1
Tithonia tubiformis,1
Toledo socioeconómica,1
Torres arbusculares,1
Tratamiento mecánico,1
Trichoderma atroviride,1
Tridax coronopifolia,1
Tristicha trifaria,1
Tsitsiki tiringuini,1
Ulises conocimiento,1
Ulises fenotípica,1
Una aproximación,1
Una flora,1
Una mirada,1
Una revisión,1
Urrutia colecciones,1
Uso del,1
Uso potencial,1
Uso religioso,1
Uso tradicional,1
Usos potenciales,1
Vachellia cornigera,1
Valle del,1
Valor agregado,1
Valor ecológico,1
Vanroyenella plumosa,1
Variables ambientales,1
Variación anatómico-vegetativa,1
Variación espacial,1
Variación geográfica,1
Variación interanual,1
Variación intrainflorescencia,1
Varroa destructor,1
Vegetación asociada,1
Vegetación del,1
Veracruz durante,1
Verbesina sección,1
Viabilidad del,1
Víctor especies,1
Washingtonia ssp,1
Xilema secundario,1
Xunan kab,1
Yanin geometrizans,1
Yocupitzia consideraciones,1
Yucca periculosa,1
Yáñez pequeños,1
Zamia loddigesii,1
Zapotecas del,1
Zona maya,1
